,NOMBRE,LONGITUD,LATITUD,cor,pvalue,sig,names.modos,p.value.FDR,type,figura,color.fill
7,PUNO,-70.018056,-15.823333,-0.142682926829268,0.372198981600791,ns,Ei,0.774966166421903,A,-1,0
5,PAMPAHUTA,-70.6775,-15.491389,-0.0794321957112655,0.611531555390266,ns,Ei,0.774966166421903,A,-1,0
11,CHUQUIBAMBILLA,-70.728333,-14.796389,-0.254048582995951,0.11851730191999,ns,Ei,0.592586509599951,A,-1,0
17,LAMPA,-70.372778,-15.355833,0.101944894986278,0.520602383671506,ns,Ei,0.774966166421903,A,1,0
10,CABANILLAS,-70.346389,-15.6393,-0.0279371790999698,0.858618177972791,ns,Ei,0.858618177972791,A,-1,0
16,HUANCANE,-69.7625,-15.203333,-0.300717151091612,0.0529768201180788,ns,Ei,0.592586509599951,A,-1,0
2,HUARAYA MOHO,-69.491389,-15.389722,-0.211429567837739,0.1845080525201,ns,Ei,0.691905196950375,A,-1,0
15,CAPACHICA,-69.8443,-15.6158,0.083708800077107,0.622316156216102,ns,Ei,0.774966166421903,A,1,0
21,TARACO,-69.9825,-15.305,-0.0682353005952415,0.671637344232316,ns,Ei,0.774966166421903,A,-1,0
23,MAZO CRUZ,-69.711667,-16.745556,0.124455712155837,0.450320719657532,ns,Ei,0.774966166421903,A,1,0
1,DESAGUADERO,-69.0404,-16.5688,-0.0306565485173372,0.845275152645592,ns,Ei,0.858618177972791,A,-1,0
4,LARAQUERI,-70.067778,-16.1525,-0.135110414344807,0.399650160849191,ns,Ei,0.774966166421903,A,-1,0
14,PUTINA,-69.868028,-14.914889,0.083623693379791,0.602046238337569,ns,Ei,0.774966166421903,A,1,0
12,ICHU헤,-70.53725,-16.14075,-0.25805889919549,0.10331139785125,ns,Ei,0.592586509599951,A,-1,0
22,CAPAZO,-69.745556,-17.186389,-0.127785430678227,0.418645669773262,ns,Ei,0.774966166421903,A,-1,0
71,PUNO,-70.018056,-15.823333,-0.172996515679443,0.278350325851475,ns,Ci,0.695875814628688,A,-1,0
51,PAMPAHUTA,-70.6775,-15.491389,-0.0668982180610088,0.668997739353341,ns,Ci,0.975848350489574,A,-1,0
111,CHUQUIBAMBILLA,-70.728333,-14.796389,0.19919028340081,0.22326568695647,ns,Ci,0.695875814628688,A,1,0
171,LAMPA,-70.372778,-15.355833,0.0297406808107822,0.851687129150176,ns,Ci,0.975848350489574,A,1,0
101,CABANILLAS,-70.346389,-15.6393,-0.240712775596497,0.11984888113617,ns,Ci,0.695875814628688,A,-1,0
161,HUANCANE,-69.7625,-15.203333,0.0952149427466032,0.548635182209093,ns,Ci,0.975848350489574,A,1,0
24,HUARAYA MOHO,-69.491389,-15.389722,0.00775328864341112,0.961628064011377,ns,Ci,0.975848350489574,A,1,0
151,CAPACHICA,-69.8443,-15.6158,0.326061190102046,0.048898507438688,s,Ci,0.695875814628688,A,1,11
211,TARACO,-69.9825,-15.305,0.177342064765411,0.267323701185587,ns,Ci,0.695875814628688,A,1,0
231,MAZO CRUZ,-69.711667,-16.745556,-0.218734205253545,0.180955862416433,ns,Ci,0.695875814628688,A,-1,0
13,DESAGUADERO,-69.0404,-16.5688,0.0253709367040032,0.871706031196779,ns,Ci,0.975848350489574,A,1,0
41,LARAQUERI,-70.067778,-16.1525,-0.109935101807316,0.493825321748396,ns,Ci,0.975848350489574,A,-1,0
141,PUTINA,-69.868028,-14.914889,-0.0466898954703833,0.771320381911627,ns,Ci,0.975848350489574,A,-1,0
121,ICHU헤,-70.53725,-16.14075,0.00487889883691675,0.975848350489574,ns,Ci,0.975848350489574,A,1,0
221,CAPAZO,-69.745556,-17.186389,-0.0465926586176161,0.768920709935572,ns,Ci,0.975848350489574,A,-1,0
72,PUNO,-70.018056,-15.823333,-0.0909407665505227,0.570530285282687,ns,C_Ei,0.855795427924031,A,-1,0
52,PAMPAHUTA,-70.6775,-15.491389,-0.0386590154032014,0.805127951335247,ns,C_Ei,0.862637090716336,A,-1,0
112,CHUQUIBAMBILLA,-70.728333,-14.796389,0.285222672064777,0.0786558313946075,ns,C_Ei,0.553736083493801,A,1,0
172,LAMPA,-70.372778,-15.355833,-0.0617504053891444,0.697659115735729,ns,C_Ei,0.862637090716336,A,-1,0
102,CABANILLAS,-70.346389,-15.6393,-0.224403503473271,0.147662955598347,ns,C_Ei,0.553736083493801,A,-1,0
162,HUANCANE,-69.7625,-15.203333,0.207933228159816,0.186371275761236,ns,C_Ei,0.559113827283708,A,1,0
25,HUARAYA MOHO,-69.491389,-15.389722,0.121264919007059,0.450095799753122,ns,C_Ei,0.750159666255203,A,1,0
152,CAPACHICA,-69.8443,-15.6158,0.26108608749262,0.118564521245066,ns,C_Ei,0.553736083493801,A,1,0
212,TARACO,-69.9825,-15.305,0.156514176077974,0.328456823514972,ns,C_Ei,0.750159666255203,A,1,0
232,MAZO CRUZ,-69.711667,-16.745556,-0.315848141752689,0.0501406695739051,ns,C_Ei,0.553736083493801,A,-1,0
18,DESAGUADERO,-69.0404,-16.5688,0.0227281307973362,0.88497523879368,ns,C_Ei,0.88497523879368,A,1,0
42,LARAQUERI,-70.067778,-16.1525,-0.0487826125293952,0.761980079761065,ns,C_Ei,0.862637090716336,A,-1,0
142,PUTINA,-69.868028,-14.914889,-0.145644599303136,0.362272654765779,ns,C_Ei,0.750159666255203,A,-1,0
122,ICHU헤,-70.53725,-16.14075,0.123017949245115,0.443523582240112,ns,C_Ei,0.750159666255203,A,1,0
222,CAPAZO,-69.745556,-17.186389,0.0433514301920428,0.784623223381691,ns,C_Ei,0.862637090716336,A,1,0
73,PUNO,-70.018056,-15.823333,-0.260975609756098,0.0993915924868138,ns,MEi,0.535215130638675,A,-1,0
53,PAMPAHUTA,-70.6775,-15.491389,-0.0762609483539716,0.625870483334894,ns,MEi,0.909683537463758,A,-1,0
113,CHUQUIBAMBILLA,-70.728333,-14.796389,-0.00526315789473684,0.974996851279667,ns,MEi,0.991060006926068,A,-1,0
173,LAMPA,-70.372778,-15.355833,0.13711507338377,0.386550295355132,ns,MEi,0.828322061475283,A,1,0
103,CABANILLAS,-70.346389,-15.6393,-0.208849290244639,0.178405043546225,ns,MEi,0.535215130638675,A,-1,0
163,HUANCANE,-69.7625,-15.203333,-0.00178274786419172,0.991060006926068,ns,MEi,0.991060006926068,A,-1,0
26,HUARAYA MOHO,-69.491389,-15.389722,-0.145047478553702,0.365553918343845,ns,MEi,0.828322061475283,A,-1,0
153,CAPACHICA,-69.8443,-15.6158,0.412852750521936,0.0111008419976171,s,MEi,0.166512629964256,A,1,11
213,TARACO,-69.9825,-15.305,0.216906338673763,0.173132174041183,ns,MEi,0.535215130638675,A,1,0
233,MAZO CRUZ,-69.711667,-16.745556,-0.240810157450431,0.139739747692129,ns,MEi,0.535215130638675,A,-1,0
19,DESAGUADERO,-69.0404,-16.5688,-0.0789066334990575,0.614989721671136,ns,MEi,0.909683537463758,A,-1,0
43,LARAQUERI,-70.067778,-16.1525,-0.119081841656577,0.458353890884613,ns,MEi,0.85941354540865,A,-1,0
143,PUTINA,-69.868028,-14.914889,0.0376306620209059,0.814895518903939,ns,MEi,0.991060006926068,A,1,0
123,ICHU헤,-70.53725,-16.14075,-0.0285764074733696,0.859228991315205,ns,MEi,0.991060006926068,A,-1,0
223,CAPAZO,-69.745556,-17.186389,-0.0681468276476785,0.667101260806756,ns,MEi,0.909683537463758,A,-1,0
74,PUNO,-70.018056,-15.823333,0.153149229608053,0.339091171619168,ns,SOi,0.937669421238389,A,1,0
54,PAMPAHUTA,-70.6775,-15.491389,0.0999773468077267,0.523553031006495,ns,SOi,0.937669421238389,A,1,0
114,CHUQUIBAMBILLA,-70.728333,-14.796389,-0.0493952123715746,0.765230767009226,ns,SOi,0.937669421238389,A,-1,0
174,LAMPA,-70.372778,-15.355833,-0.138706540238269,0.381009130169639,ns,SOi,0.937669421238389,A,-1,0
104,CABANILLAS,-70.346389,-15.6393,0.208034433878616,0.18067660644144,ns,SOi,0.901135934638053,A,1,0
164,HUANCANE,-69.7625,-15.203333,-0.083471777693227,0.599199342682942,ns,SOi,0.937669421238389,A,-1,0
27,HUARAYA MOHO,-69.491389,-15.389722,0.118139048614741,0.461945342648729,ns,SOi,0.937669421238389,A,1,0
154,CAPACHICA,-69.8443,-15.6158,-0.381477531438176,0.0198237309011491,s,SOi,0.297355963517237,A,-1,-11
214,TARACO,-69.9825,-15.305,-0.259357726162799,0.101526328393905,ns,SOi,0.761447462954288,A,-1,0
234,MAZO CRUZ,-69.711667,-16.745556,0.192525841197701,0.240302915903481,ns,SOi,0.901135934638053,A,1,0
110,DESAGUADERO,-69.0404,-16.5688,0.0372286200001066,0.812646831739937,ns,SOi,0.937669421238389,A,1,0
44,LARAQUERI,-70.067778,-16.1525,0.0604608616681983,0.707281304964388,ns,SOi,0.937669421238389,A,1,0
144,PUTINA,-69.868028,-14.914889,0.0197752418208351,0.902329344268724,ns,SOi,0.946977776324708,A,1,0
124,ICHU헤,-70.53725,-16.14075,-0.0107170863872871,0.946977776324708,ns,SOi,0.946977776324708,A,-1,0
224,CAPAZO,-69.745556,-17.186389,0.0695299840208477,0.661721698420093,ns,SOi,0.937669421238389,A,1,0
75,PUNO,-70.018056,-15.823333,-0.297909407665505,0.0589048982342308,ns,TNAi,0.441786736756731,A,-1,0
55,PAMPAHUTA,-70.6775,-15.491389,-0.0813953488372093,0.602726652275691,ns,TNAi,0.921192427582992,A,-1,0
115,CHUQUIBAMBILLA,-70.728333,-14.796389,-0.0119433198380567,0.942678635252802,ns,TNAi,0.970677593206145,A,-1,0
175,LAMPA,-70.372778,-15.355833,-0.0534035658155462,0.736953942066393,ns,TNAi,0.921192427582992,A,-1,0
105,CABANILLAS,-70.346389,-15.6393,0.0588945937783147,0.706733127261248,ns,TNAi,0.921192427582992,A,1,0
165,HUANCANE,-69.7625,-15.203333,-0.0607754953701722,0.70221101074642,ns,TNAi,0.921192427582992,A,-1,0
28,HUARAYA MOHO,-69.491389,-15.389722,0.00592386098597703,0.970677593206145,ns,TNAi,0.970677593206145,A,1,0
155,CAPACHICA,-69.8443,-15.6158,-0.0678207275412255,0.690012694479234,ns,TNAi,0.921192427582992,A,-1,0
215,TARACO,-69.9825,-15.305,-0.184923764831549,0.247073085157878,ns,TNAi,0.617682712894695,A,-1,0
235,MAZO CRUZ,-69.711667,-16.745556,-0.354025361836294,0.0270277991551673,s,TNAi,0.40541698732751,A,-1,-11
116,DESAGUADERO,-69.0404,-16.5688,-0.13523615368116,0.387229146324682,ns,TNAi,0.829776742124318,A,-1,0
45,LARAQUERI,-70.067778,-16.1525,-0.22622936560507,0.154941253961366,ns,TNAi,0.59501926186682,A,-1,0
145,PUTINA,-69.868028,-14.914889,-0.0228222996515679,0.887278014353814,ns,TNAi,0.970677593206145,A,-1,0
125,ICHU헤,-70.53725,-16.14075,-0.224255100111138,0.158671803164485,ns,TNAi,0.59501926186682,A,-1,0
225,CAPAZO,-69.745556,-17.186389,-0.196499473300381,0.21157594655349,ns,TNAi,0.617682712894695,A,-1,0
76,PUNO,-70.018056,-15.823333,0.145993031358885,0.361115535825472,ns,TSAi,0.852390000630509,A,1,0
56,PAMPAHUTA,-70.6775,-15.491389,-0.040773180308064,0.794676422204503,ns,TSAi,0.864432670340256,A,-1,0
117,CHUQUIBAMBILLA,-70.728333,-14.796389,-0.0939271255060729,0.568260000420339,ns,TSAi,0.852390000630509,A,-1,0
176,LAMPA,-70.372778,-15.355833,0.0286871962044057,0.856885150841053,ns,TSAi,0.864432670340256,A,1,0
106,CABANILLAS,-70.346389,-15.6393,0.128057988523105,0.411846542278318,ns,TSAi,0.852390000630509,A,1,0
166,HUANCANE,-69.7625,-15.203333,-0.156719744061217,0.321611957273969,ns,TSAi,0.852390000630509,A,-1,0
29,HUARAYA MOHO,-69.491389,-15.389722,0.103057758035453,0.521395972268991,ns,TSAi,0.852390000630509,A,1,0
156,CAPACHICA,-69.8443,-15.6158,-0.0543040091151771,0.749562208611446,ns,TSAi,0.864432670340256,A,-1,0
216,TARACO,-69.9825,-15.305,0.202701544296975,0.203718854633738,ns,TSAi,0.852390000630509,A,1,0
236,MAZO CRUZ,-69.711667,-16.745556,0.0282531681785829,0.864432670340256,ns,TSAi,0.864432670340256,A,1,0
118,DESAGUADERO,-69.0404,-16.5688,0.314871446594325,0.0397300310830713,s,TSAi,0.59595046624607,A,1,11
46,LARAQUERI,-70.067778,-16.1525,0.0508732959235122,0.752094517195366,ns,TSAi,0.864432670340256,A,1,0
146,PUTINA,-69.868028,-14.914889,0.248257839721254,0.117471556955044,ns,TSAi,0.852390000630509,A,1,0
126,ICHU헤,-70.53725,-16.14075,-0.116222340150838,0.46929311219748,ns,TSAi,0.852390000630509,A,-1,0
226,CAPAZO,-69.745556,-17.186389,-0.172028198687302,0.274959205387634,ns,TSAi,0.852390000630509,A,-1,0
77,PUNO,-70.018056,-15.823333,-0.327700348432056,0.0369962012066555,s,TN_TSi,0.209589450440883,A,-1,-11
57,PAMPAHUTA,-70.6775,-15.491389,-0.0581395348837209,0.710331267159189,ns,TN_TSi,0.895861717747032,A,-1,0
119,CHUQUIBAMBILLA,-70.728333,-14.796389,-0.0439271255060729,0.790090937602671,ns,TN_TSi,0.895861717747032,A,-1,0
177,LAMPA,-70.372778,-15.355833,-0.0999189630509384,0.528965860350302,ns,TN_TSi,0.895861717747032,A,-1,0
107,CABANILLAS,-70.346389,-15.6393,-0.0732407127755965,0.639655862946456,ns,TN_TSi,0.895861717747032,A,-1,0
167,HUANCANE,-69.7625,-15.203333,-0.0328998014937199,0.836137603230563,ns,TN_TSi,0.895861717747032,A,-1,0
210,HUARAYA MOHO,-69.491389,-15.389722,-0.0510497432026844,0.75126196693752,ns,TN_TSi,0.895861717747032,A,-1,0
157,CAPACHICA,-69.8443,-15.6158,-0.0569124986359934,0.73794599323516,ns,TN_TSi,0.895861717747032,A,-1,0
217,TARACO,-69.9825,-15.305,-0.319215716577739,0.0419178900881766,s,TN_TSi,0.209589450440883,A,-1,-11
237,MAZO CRUZ,-69.711667,-16.745556,-0.227645598800912,0.163386976107438,ns,TN_TSi,0.612701160402891,A,-1,0
120,DESAGUADERO,-69.0404,-16.5688,-0.336013893847661,0.0275978952038993,s,TN_TSi,0.209589450440883,A,-1,-11
47,LARAQUERI,-70.067778,-16.1525,-0.16072128592274,0.315456874798067,ns,TN_TSi,0.788642186995167,A,-1,0
147,PUTINA,-69.868028,-14.914889,-0.175261324041812,0.272031171600214,ns,TN_TSi,0.788642186995167,A,-1,0
127,ICHU헤,-70.53725,-16.14075,-0.0965324984161386,0.548240214788986,ns,TN_TSi,0.895861717747032,A,-1,0
227,CAPAZO,-69.745556,-17.186389,0.00542905761283526,0.973062955403742,ns,TN_TSi,0.973062955403742,A,1,0
78,PUNO,-70.018056,-15.823333,-0.194599303135889,0.221962579229362,ns,PDOi,0.879824218973643,A,-1,0
58,PAMPAHUTA,-70.6775,-15.491389,0.0720326185442465,0.645204427247339,ns,PDOi,0.879824218973643,A,1,0
1110,CHUQUIBAMBILLA,-70.728333,-14.796389,-0.105263157894737,0.522284797222585,ns,PDOi,0.879824218973643,A,-1,0
178,LAMPA,-70.372778,-15.355833,0.0991085902768027,0.53232956430026,ns,PDOi,0.879824218973643,A,1,0
108,CABANILLAS,-70.346389,-15.6393,-0.0916641498036847,0.557604708986464,ns,PDOi,0.879824218973643,A,-1,0
168,HUANCANE,-69.7625,-15.203333,0.209959078005488,0.182021045587322,ns,PDOi,0.879824218973643,A,1,0
218,HUARAYA MOHO,-69.491389,-15.389722,0.0205592822454497,0.898476704909288,ns,PDOi,0.962653612402809,A,1,0
158,CAPACHICA,-69.8443,-15.6158,0.133507236383601,0.43083954322266,ns,PDOi,0.879824218973643,A,1,0
219,TARACO,-69.9825,-15.305,0.165315919832916,0.30163602855505,ns,PDOi,0.879824218973643,A,1,0
238,MAZO CRUZ,-69.711667,-16.745556,-0.374784858168227,0.0187338276170848,s,PDOi,0.281007414256272,A,-1,-11
128,DESAGUADERO,-69.0404,-16.5688,-0.002642805906667,0.986580706001344,ns,PDOi,0.986580706001344,A,-1,0
48,LARAQUERI,-70.067778,-16.1525,0.0286597848610197,0.858822403707255,ns,PDOi,0.962653612402809,A,1,0
148,PUTINA,-69.868028,-14.914889,0.161149825783972,0.312974561641226,ns,PDOi,0.879824218973643,A,1,0
129,ICHU헤,-70.53725,-16.14075,-0.0304931177307297,0.849891476883605,ns,PDOi,0.962653612402809,A,-1,0
228,CAPAZO,-69.745556,-17.186389,-0.0803014342435783,0.612078303256189,ns,PDOi,0.879824218973643,A,-1,0
79,PUNO,-70.018056,-15.823333,0.0337979094076655,0.833508312777873,ns,Ei,0.939631668890911,H,1,0
59,PAMPAHUTA,-70.6775,-15.491389,-0.066143159166415,0.672524902063909,ns,Ei,0.939631668890911,H,-1,0
1111,CHUQUIBAMBILLA,-70.728333,-14.796389,-0.137651821862348,0.401961129927154,ns,Ei,0.939631668890911,H,-1,0
179,LAMPA,-70.372778,-15.355833,0.125040519049147,0.430109843359165,ns,Ei,0.939631668890911,H,1,0
109,CABANILLAS,-70.346389,-15.6393,-0.0243128964059197,0.876855863352059,ns,Ei,0.939631668890911,H,-1,0
169,HUANCANE,-69.7625,-15.203333,-0.251853652813994,0.107616935390423,ns,Ei,0.939631668890911,H,-1,0
220,HUARAYA MOHO,-69.491389,-15.389722,-0.168220228881201,0.293102774262626,ns,Ei,0.939631668890911,H,-1,0
159,CAPACHICA,-69.8443,-15.6158,0.0825231230221905,0.627272514944407,ns,Ei,0.939631668890911,H,1,0
2110,TARACO,-69.9825,-15.305,0.0479302877744353,0.766021035227727,ns,Ei,0.939631668890911,H,1,0
239,MAZO CRUZ,-69.711667,-16.745556,-0.0644050715468772,0.696885364593532,ns,Ei,0.939631668890911,H,-1,0
130,DESAGUADERO,-69.0404,-16.5688,0.0730924605043901,0.641358896743702,ns,Ei,0.939631668890911,H,1,0
49,LARAQUERI,-70.067778,-16.1525,-0.0767455029257093,0.633420248656465,ns,Ei,0.939631668890911,H,-1,0
149,PUTINA,-69.868028,-14.914889,0.0249128919860627,0.876989557631517,ns,Ei,0.939631668890911,H,1,0
1210,ICHU헤,-70.53725,-16.14075,-0.196027185411834,0.219323513415388,ns,Ei,0.939631668890911,H,-1,0
229,CAPAZO,-69.745556,-17.186389,-0.0025119520298193,0.987754094320531,ns,Ei,0.987754094320531,H,-1,0
711,PUNO,-70.018056,-15.823333,-0.313588850174216,0.0463445148080847,s,Ci,0.173791930530318,H,-1,-11
511,PAMPAHUTA,-70.6775,-15.491389,-0.0691633947447901,0.658459056151707,ns,Ci,0.897898712934146,H,-1,0
1112,CHUQUIBAMBILLA,-70.728333,-14.796389,0.211740890688259,0.194990671328019,ns,Ci,0.479609634817257,H,1,0
1711,LAMPA,-70.372778,-15.355833,-0.0444084280226393,0.780051542182766,ns,Ci,0.975064427728457,H,-1,0
1011,CABANILLAS,-70.346389,-15.6393,-0.186348535185744,0.230686730701486,ns,Ci,0.479609634817257,H,-1,0
1611,HUANCANE,-69.7625,-15.203333,0.0206636684258586,0.896654849628269,ns,Ci,0.976172476919484,H,1,0
241,HUARAYA MOHO,-69.491389,-15.389722,-0.0170746581360514,0.915615934956158,ns,Ci,0.976172476919484,H,-1,0
1511,CAPACHICA,-69.8443,-15.6158,0.384396501203939,0.0188241819172294,s,Ci,0.141181364379221,H,1,11
2111,TARACO,-69.9825,-15.305,0.178649254431986,0.263756259957956,ns,Ci,0.479609634817257,H,1,0
2311,MAZO CRUZ,-69.711667,-16.745556,-0.630987422655019,1.65947263134553e-05,s,Ci,0.00024892089470183,H,-1,-11
131,DESAGUADERO,-69.0404,-16.5688,-0.241552459869363,0.118641928318542,ns,Ci,0.355925784955625,H,-1,0
411,LARAQUERI,-70.067778,-16.1525,-0.331286206159447,0.0343599492626371,s,Ci,0.171799746313185,H,-1,-11
1411,PUTINA,-69.868028,-14.914889,-0.00487804878048781,0.976172476919484,ns,Ci,0.976172476919484,H,-1,0
1211,ICHU헤,-70.53725,-16.14075,-0.170064473743955,0.287765780890354,ns,Ci,0.479609634817257,H,-1,0
2211,CAPAZO,-69.745556,-17.186389,-0.0798152499797423,0.614241455959303,ns,Ci,0.897898712934146,H,-1,0
721,PUNO,-70.018056,-15.823333,-0.192682926829268,0.226616492601037,ns,C_Ei,0.566541231502593,H,-1,0
521,PAMPAHUTA,-70.6775,-15.491389,0.00800362428269405,0.95957918700924,ns,C_Ei,0.95957918700924,H,1,0
1121,CHUQUIBAMBILLA,-70.728333,-14.796389,0.367813765182186,0.0218237874501558,s,C_Ei,0.163678405876168,H,1,11
1721,LAMPA,-70.372778,-15.355833,-0.15186385787304,0.337018647697225,ns,C_Ei,0.641981283012522,H,-1,0
1021,CABANILLAS,-70.346389,-15.6393,-0.147991543340381,0.342390017606679,ns,C_Ei,0.641981283012522,H,-1,0
1621,HUANCANE,-69.7625,-15.203333,0.20833839812895,0.185495372653255,ns,C_Ei,0.556486117959764,H,1,0
251,HUARAYA MOHO,-69.491389,-15.389722,0.139123617567725,0.385664534096064,ns,C_Ei,0.64277422349344,H,1,0
1521,CAPACHICA,-69.8443,-15.6158,0.271282910164902,0.104347378962804,ns,C_Ei,0.391302671110514,H,1,0
2121,TARACO,-69.9825,-15.305,0.0865359559272986,0.590593850479497,ns,C_Ei,0.805355250653859,H,1,0
2321,MAZO CRUZ,-69.711667,-16.745556,-0.430076004496207,0.00628195202876044,s,C_Ei,0.0942292804314066,H,-1,-11
181,DESAGUADERO,-69.0404,-16.5688,-0.099822554531822,0.524199415259143,ns,C_Ei,0.786299122888715,H,-1,0
421,LARAQUERI,-70.067778,-16.1525,-0.263861666699175,0.0955186338049873,ns,C_Ei,0.391302671110514,H,-1,0
1421,PUTINA,-69.868028,-14.914889,0.0270034843205575,0.866721249213306,ns,C_Ei,0.95957918700924,H,1,0
1221,ICHU헤,-70.53725,-16.14075,-0.049137481143233,0.760299442997541,ns,C_Ei,0.950374303746926,H,-1,0
2221,CAPAZO,-69.745556,-17.186389,-0.0182319098938498,0.908754626347389,ns,C_Ei,0.95957918700924,H,-1,0
731,PUNO,-70.018056,-15.823333,-0.289372822299652,0.0668176353582272,ns,MEi,0.250566132593352,H,-1,0
531,PAMPAHUTA,-70.6775,-15.491389,-0.0697674418604651,0.655659744391237,ns,MEi,0.974434259132453,H,-1,0
1131,CHUQUIBAMBILLA,-70.728333,-14.796389,0.125506072874494,0.445071136114724,ns,MEi,0.741785226857873,H,1,0
1731,LAMPA,-70.372778,-15.355833,-0.0181523501406409,0.909158728497864,ns,MEi,0.981492145315475,H,-1,0
1031,CABANILLAS,-70.346389,-15.6393,-0.191180912111145,0.218653087574334,ns,MEi,0.546632718935835,H,-1,0
1631,HUANCANE,-69.7625,-15.203333,8.10339938268963e-05,0.999593628515835,ns,MEi,0.999593628515835,H,1,0
261,HUARAYA MOHO,-69.491389,-15.389722,-0.0442547261893578,0.783516140054688,ns,MEi,0.97939517506836,H,-1,0
1531,CAPACHICA,-69.8443,-15.6158,0.409769990179153,0.0117796367938907,s,MEi,0.0883472759541803,H,1,11
2131,TARACO,-69.9825,-15.305,0.18039217398742,0.259048974913336,ns,MEi,0.555104946242864,H,1,0
2331,MAZO CRUZ,-69.711667,-16.745556,-0.610936787173444,3.61527551128425e-05,s,MEi,0.000542291326692637,H,-1,-11
191,DESAGUADERO,-69.0404,-16.5688,-0.213312191038122,0.169618480383349,ns,MEi,0.508855441150048,H,-1,0
431,LARAQUERI,-70.067778,-16.1525,-0.299054837166811,0.0575131809766553,ns,MEi,0.250566132593352,H,-1,0
1431,PUTINA,-69.868028,-14.914889,0.0587108013937282,0.714585123363799,ns,MEi,0.974434259132453,H,1,0
1231,ICHU헤,-70.53725,-16.14075,-0.151420110331452,0.344637365227615,ns,MEi,0.646195059801779,H,-1,0
2231,CAPAZO,-69.745556,-17.186389,-0.0167733571023418,0.916059335627776,ns,MEi,0.981492145315475,H,-1,0
741,PUNO,-70.018056,-15.823333,0.316550522648084,0.0442374655994148,s,SOi,0.221187327997074,H,1,11
541,PAMPAHUTA,-70.6775,-15.491389,0.073542736333434,0.638271764546932,ns,SOi,0.882267946061721,H,1,0
1141,CHUQUIBAMBILLA,-70.728333,-14.796389,-0.0975708502024291,0.553279547225987,ns,SOi,0.882267946061721,H,-1,0
1741,LAMPA,-70.372778,-15.355833,-0.000729335496722178,0.996342520612481,ns,SOi,0.996342520612481,H,-1,0
1041,CABANILLAS,-70.346389,-15.6393,0.174720628209,0.261494048505984,ns,SOi,0.560344389655681,H,1,0
1641,HUANCANE,-69.7625,-15.203333,-0.0149912888579758,0.924928147853961,ns,SOi,0.996342520612481,H,-1,0
271,HUARAYA MOHO,-69.491389,-15.389722,0.0736997999137731,0.646996493778596,ns,SOi,0.882267946061721,H,1,0
1541,CAPACHICA,-69.8443,-15.6158,-0.416172646275702,0.0104072701277501,s,SOi,0.0780545259581257,H,-1,-11
2141,TARACO,-69.9825,-15.305,-0.183878013098288,0.249803091561037,ns,SOi,0.560344389655681,H,-1,0
2341,MAZO CRUZ,-69.711667,-16.745556,0.653063374851904,6.59204409167067e-06,s,SOi,9.88806613750601e-05,H,1,11
1101,DESAGUADERO,-69.0404,-16.5688,0.278778268783273,0.0702523445188134,ns,SOi,0.256528099704954,H,1,0
441,LARAQUERI,-70.067778,-16.1525,0.27187595304329,0.0855093665683179,ns,SOi,0.256528099704954,H,1,0
1441,PUTINA,-69.868028,-14.914889,-0.00191637630662021,0.990901096061684,ns,SOi,0.996342520612481,H,-1,0
1241,ICHU헤,-70.53725,-16.14075,0.10297961473635,0.521713554638728,ns,SOi,0.882267946061721,H,1,0
2241,CAPAZO,-69.745556,-17.186389,0.0439996758771574,0.781475674690296,ns,SOi,0.97684459336287,H,1,0
751,PUNO,-70.018056,-15.823333,-0.187979094076655,0.238324858155544,ns,TNAi,0.714974574466631,H,-1,0
551,PAMPAHUTA,-70.6775,-15.491389,-0.00453035336756267,0.977280881151718,ns,TNAi,0.9789179461042,H,-1,0
1151,CHUQUIBAMBILLA,-70.728333,-14.796389,-0.00445344129554656,0.9789179461042,ns,TNAi,0.9789179461042,H,-1,0
1751,LAMPA,-70.372778,-15.355833,0.0701782822401563,0.658759135739828,ns,TNAi,0.9789179461042,H,1,0
1051,CABANILLAS,-70.346389,-15.6393,0.0679553005134401,0.664071637809509,ns,TNAi,0.9789179461042,H,1,0
1651,HUANCANE,-69.7625,-15.203333,-0.0522669260183481,0.742359132444078,ns,TNAi,0.9789179461042,H,-1,0
281,HUARAYA MOHO,-69.491389,-15.389722,0.147051137416606,0.358896901200539,ns,TNAi,0.76906478828687,H,1,0
1551,CAPACHICA,-69.8443,-15.6158,-0.0315390096607797,0.852989294623424,ns,TNAi,0.9789179461042,H,-1,0
2151,TARACO,-69.9825,-15.305,-0.37307193084065,0.0162878448759344,s,TNAi,0.244317673139017,H,-1,-11
2351,MAZO CRUZ,-69.711667,-16.745556,-0.260962058767771,0.108575632809489,ns,TNAi,0.407158623035585,H,-1,0
1161,DESAGUADERO,-69.0404,-16.5688,-0.14467474620497,0.35464196774026,ns,TNAi,0.76906478828687,H,-1,0
451,LARAQUERI,-70.067778,-16.1525,-0.291214774438872,0.0647060635506568,ns,TNAi,0.407158623035585,H,-1,0
1451,PUTINA,-69.868028,-14.914889,0.0383275261324042,0.811521932887047,ns,TNAi,0.9789179461042,H,1,0
1251,ICHU헤,-70.53725,-16.14075,-0.0897368893218617,0.576875406522778,ns,TNAi,0.9789179461042,H,-1,0
2251,CAPAZO,-69.745556,-17.186389,-0.255651892067093,0.102263449427076,ns,TNAi,0.407158623035585,H,-1,0
761,PUNO,-70.018056,-15.823333,0.0386759581881533,0.809836409682394,ns,TSAi,0.906964031714864,H,1,0
561,PAMPAHUTA,-70.6775,-15.491389,-0.0303533675626699,0.846499762933873,ns,TSAi,0.906964031714864,H,-1,0
1171,CHUQUIBAMBILLA,-70.728333,-14.796389,-0.116194331983806,0.479780798704052,ns,TSAi,0.897450016146221,H,-1,0
1761,LAMPA,-70.372778,-15.355833,0.106401945244024,0.502436413548454,ns,TSAi,0.897450016146221,H,1,0
1061,CABANILLAS,-70.346389,-15.6393,0.213228631833283,0.169316695097995,ns,TSAi,0.849235015169407,H,1,0
1661,HUANCANE,-69.7625,-15.203333,-0.0667720109133625,0.674381513446807,ns,TSAi,0.897450016146221,H,-1,0
291,HUARAYA MOHO,-69.491389,-15.389722,0.0862444467076068,0.591850322650595,ns,TSAi,0.897450016146221,H,1,0
1561,CAPACHICA,-69.8443,-15.6158,-0.132558694739668,0.434150650166214,ns,TSAi,0.897450016146221,H,-1,0
2161,TARACO,-69.9825,-15.305,0.209237492629853,0.189206976031742,ns,TSAi,0.849235015169407,H,1,0
2361,MAZO CRUZ,-69.711667,-16.745556,-0.0780759593752238,0.636610805135291,ns,TSAi,0.897450016146221,H,-1,0
1181,DESAGUADERO,-69.0404,-16.5688,0.0567070638830547,0.717960012916977,ns,TSAi,0.897450016146221,H,1,0
461,LARAQUERI,-70.067778,-16.1525,0.160547062306563,0.315988687298614,ns,TSAi,0.897450016146221,H,1,0
1461,PUTINA,-69.868028,-14.914889,0.213588850174216,0.179411483406834,ns,TSAi,0.849235015169407,H,1,0
1261,ICHU헤,-70.53725,-16.14075,-0.00766684102944061,0.962055591569171,ns,TSAi,0.962055591569171,H,-1,0
2261,CAPAZO,-69.745556,-17.186389,-0.190341139291792,0.226462670711842,ns,TSAi,0.849235015169407,H,-1,0
771,PUNO,-70.018056,-15.823333,-0.114634146341463,0.47407817229524,ns,TN_TSi,0.99653392662771,H,-1,0
571,PAMPAHUTA,-70.6775,-15.491389,0.000755058894593778,0.99653392662771,ns,TN_TSi,0.99653392662771,H,1,0
1191,CHUQUIBAMBILLA,-70.728333,-14.796389,0.0663967611336032,0.68705487539945,ns,TN_TSi,0.99653392662771,H,1,0
1771,LAMPA,-70.372778,-15.355833,-0.0418152351454049,0.792604196361295,ns,TN_TSi,0.99653392662771,H,-1,0
1071,CABANILLAS,-70.346389,-15.6393,-0.133947447900936,0.390526602602584,ns,TN_TSi,0.99653392662771,H,-1,0
1671,HUANCANE,-69.7625,-15.203333,0.036708399203584,0.817473371188346,ns,TN_TSi,0.99653392662771,H,1,0
2101,HUARAYA MOHO,-69.491389,-15.389722,0.111507971500744,0.487626981321604,ns,TN_TSi,0.99653392662771,H,1,0
1571,CAPACHICA,-69.8443,-15.6158,0.0289305201399633,0.865031442201762,ns,TN_TSi,0.99653392662771,H,1,0
2171,TARACO,-69.9825,-15.305,-0.386753849350807,0.0124930846257911,s,TN_TSi,0.187396269386867,H,-1,-11
2371,MAZO CRUZ,-69.711667,-16.745556,-0.0631898815176908,0.702339847674946,ns,TN_TSi,0.99653392662771,H,-1,0
1201,DESAGUADERO,-69.0404,-16.5688,-0.157888775738305,0.311921778370479,ns,TN_TSi,0.99653392662771,H,-1,0
471,LARAQUERI,-70.067778,-16.1525,-0.261770983305058,0.0982723939513013,ns,TN_TSi,0.737042954634759,H,-1,0
1471,PUTINA,-69.868028,-14.914889,-0.125783972125436,0.431905106307188,ns,TN_TSi,0.99653392662771,H,-1,0
1271,ICHU헤,-70.53725,-16.14075,0.0139397109626193,0.931067772492119,ns,TN_TSi,0.99653392662771,H,1,0
2271,CAPAZO,-69.745556,-17.186389,0.0130459444129325,0.934756851127441,ns,TN_TSi,0.99653392662771,H,1,0
781,PUNO,-70.018056,-15.823333,-0.0228222996515679,0.887278014353814,ns,PDOi,0.887278014353814,H,-1,0
581,PAMPAHUTA,-70.6775,-15.491389,0.0294472968891574,0.851040187779459,ns,PDOi,0.887278014353814,H,1,0
11101,CHUQUIBAMBILLA,-70.728333,-14.796389,-0.0682186234817814,0.678914605479372,ns,PDOi,0.887278014353814,H,-1,0
1781,LAMPA,-70.372778,-15.355833,0.217828201687691,0.16581072020736,ns,PDOi,0.735486771942368,H,1,0
1081,CABANILLAS,-70.346389,-15.6393,0.12020537601933,0.441292063165421,ns,PDOi,0.735486771942368,H,1,0
1681,HUANCANE,-69.7625,-15.203333,0.2681414855732,0.0859953145554591,ns,PDOi,0.644964859165943,H,1,0
2181,HUARAYA MOHO,-69.491389,-15.389722,0.13921073317046,0.385364168021549,ns,PDOi,0.735486771942368,H,1,0
1581,CAPACHICA,-69.8443,-15.6158,0.171211766729947,0.310963741736036,ns,PDOi,0.735486771942368,H,1,0
2191,TARACO,-69.9825,-15.305,0.142570819634502,0.373884025535438,ns,PDOi,0.735486771942368,H,1,0
2381,MAZO CRUZ,-69.711667,-16.745556,-0.345519031631989,0.0312084342538652,s,PDOi,0.468126513807978,H,-1,-11
1281,DESAGUADERO,-69.0404,-16.5688,0.0528561181333399,0.73640120907577,ns,PDOi,0.887278014353814,H,1,0
481,LARAQUERI,-70.067778,-16.1525,0.0436430158521911,0.786438278227649,ns,PDOi,0.887278014353814,H,1,0
1481,PUTINA,-69.868028,-14.914889,0.191811846689896,0.22875408487303,ns,PDOi,0.735486771942368,H,1,0
1291,ICHU헤,-70.53725,-16.14075,0.130859036661589,0.414780676471798,ns,PDOi,0.735486771942368,H,1,0
2281,CAPAZO,-69.745556,-17.186389,-0.0422170002430921,0.790139653145923,ns,PDOi,0.887278014353814,H,-1,0
710,PUNO,-70.018056,-15.823333,-0.255923344947735,0.106297097502654,ns,Ei,0.503660235563819,noH,-1,0
510,PAMPAHUTA,-70.6775,-15.491389,-0.105255209906373,0.500464964667659,ns,Ei,0.694175646223132,noH,-1,0
1113,CHUQUIBAMBILLA,-70.728333,-14.796389,-0.243927125506073,0.134309396150352,ns,Ei,0.503660235563819,noH,-1,0
1710,LAMPA,-70.372778,-15.355833,0.0102106969541105,0.948828907771036,ns,Ei,0.993500715877174,noH,1,0
1010,CABANILLAS,-70.346389,-15.6393,-0.0703714889761401,0.652865129676506,ns,Ei,0.816081412095632,noH,-1,0
1610,HUANCANE,-69.7625,-15.203333,-0.313763624097742,0.0430244394720772,s,Ei,0.503660235563819,noH,-1,-11
230,HUARAYA MOHO,-69.491389,-15.389722,-0.265963935149822,0.0928098651921774,ns,Ei,0.503660235563819,noH,-1,0
1510,CAPACHICA,-69.8443,-15.6158,0.0590467173348432,0.728484072692698,ns,Ei,0.840558545414652,noH,1,0
2112,TARACO,-69.9825,-15.305,-0.121655784969294,0.448625843542545,ns,Ei,0.694175646223132,noH,-1,0
2310,MAZO CRUZ,-69.711667,-16.745556,0.10896203928371,0.50906214056363,ns,Ei,0.694175646223132,noH,1,0
132,DESAGUADERO,-69.0404,-16.5688,-0.138105485808398,0.377141723050973,ns,Ei,0.694175646223132,noH,-1,0
410,LARAQUERI,-70.067778,-16.1525,-0.139466004749217,0.384484807952433,ns,Ei,0.694175646223132,noH,-1,0
1410,PUTINA,-69.868028,-14.914889,-0.00139372822299652,0.993500715877174,ns,Ei,0.993500715877174,noH,-1,0
1212,ICHU헤,-70.53725,-16.14075,-0.194458967928539,0.223106487923034,ns,Ei,0.669319463769103,noH,-1,0
2210,CAPAZO,-69.745556,-17.186389,-0.171217891580909,0.277253106699826,ns,Ei,0.693132766749564,noH,-1,0
712,PUNO,-70.018056,-15.823333,-0.101567944250871,0.526167738316273,ns,Ci,0.989648954650068,noH,-1,0
512,PAMPAHUTA,-70.6775,-15.491389,-0.0824524312896406,0.598008667974253,ns,Ci,0.989648954650068,noH,-1,0
1114,CHUQUIBAMBILLA,-70.728333,-14.796389,0.159311740890688,0.331407391733701,ns,Ci,0.989648954650068,noH,1,0
1712,LAMPA,-70.372778,-15.355833,0.0475688818417687,0.764827539724491,ns,Ci,0.989648954650068,noH,1,0
1012,CABANILLAS,-70.346389,-15.6393,-0.198731501057082,0.200740254417222,ns,Ci,0.989648954650068,noH,-1,0
1612,HUANCANE,-69.7625,-15.203333,0.0729305944442067,0.64623947893498,ns,Ci,0.989648954650068,noH,1,0
242,HUARAYA MOHO,-69.491389,-15.389722,0.00209077446563895,0.989648954650068,ns,Ci,0.989648954650068,noH,1,0
1512,CAPACHICA,-69.8443,-15.6158,0.212473328241042,0.206754491850591,ns,Ci,0.989648954650068,noH,1,0
2113,TARACO,-69.9825,-15.305,0.180130736054105,0.259751478562004,ns,Ci,0.989648954650068,noH,1,0
2312,MAZO CRUZ,-69.711667,-16.745556,0.00506329178827651,0.975595221563404,ns,Ci,0.989648954650068,noH,1,0
133,DESAGUADERO,-69.0404,-16.5688,0.121644580446872,0.437121053664719,ns,Ci,0.989648954650068,noH,1,0
412,LARAQUERI,-70.067778,-16.1525,0.0179450324661704,0.911331134454936,ns,Ci,0.989648954650068,noH,1,0
1412,PUTINA,-69.868028,-14.914889,-0.0641114982578397,0.689565445148161,ns,Ci,0.989648954650068,noH,-1,0
1213,ICHU헤,-70.53725,-16.14075,0.0578498004948701,0.719396686100971,ns,Ci,0.989648954650068,noH,1,0
2212,CAPAZO,-69.745556,-17.186389,-0.029738270804635,0.851438828184649,ns,Ci,0.989648954650068,noH,-1,0
722,PUNO,-70.018056,-15.823333,0.0139372822299652,0.931189916509477,ns,C_Ei,0.931189916509477,noH,1,0
522,PAMPAHUTA,-70.6775,-15.491389,-0.0276351555421323,0.860135320417004,ns,C_Ei,0.921573557589647,noH,-1,0
1122,CHUQUIBAMBILLA,-70.728333,-14.796389,0.248582995951417,0.126859889859313,ns,C_Ei,0.653029506715717,noH,1,0
1722,LAMPA,-70.372778,-15.355833,-0.0286871962044057,0.856885150841053,ns,C_Ei,0.921573557589647,noH,-1,0
1022,CABANILLAS,-70.346389,-15.6393,-0.161733615221987,0.299036623029359,ns,C_Ei,0.653029506715717,noH,-1,0
1622,HUANCANE,-69.7625,-15.203333,0.198209148900588,0.208281554612226,ns,C_Ei,0.653029506715717,noH,1,0
252,HUARAYA MOHO,-69.491389,-15.389722,0.165345413990947,0.301548580140653,ns,C_Ei,0.653029506715717,noH,1,0
1522,CAPACHICA,-69.8443,-15.6158,0.195162443239261,0.247046016059216,ns,C_Ei,0.653029506715717,noH,1,0
2122,TARACO,-69.9825,-15.305,0.164270168099656,0.304747103134001,ns,C_Ei,0.653029506715717,noH,1,0
2322,MAZO CRUZ,-69.711667,-16.745556,-0.13569621992581,0.410126411053073,ns,C_Ei,0.702030062584417,noH,-1,0
182,DESAGUADERO,-69.0404,-16.5688,0.123683316432015,0.429418211835511,ns,C_Ei,0.702030062584417,noH,1,0
422,LARAQUERI,-70.067778,-16.1525,0.0844113420374714,0.599778305611573,ns,C_Ei,0.749722882014466,noH,1,0
1422,PUTINA,-69.868028,-14.914889,-0.104355400696864,0.514822045895239,ns,C_Ei,0.702030062584417,noH,-1,0
1222,ICHU헤,-70.53725,-16.14075,0.172503923162414,0.28080373288784,ns,C_Ei,0.653029506715717,noH,1,0
2222,CAPAZO,-69.745556,-17.186389,0.108500121546066,0.492682703217037,ns,C_Ei,0.702030062584417,noH,1,0
732,PUNO,-70.018056,-15.823333,-0.214982578397213,0.176538472449365,ns,MEi,0.882354900444445,noH,-1,0
532,PAMPAHUTA,-70.6775,-15.491389,-0.0662941709453337,0.671818905501296,ns,MEi,0.990797977081089,noH,-1,0
1132,CHUQUIBAMBILLA,-70.728333,-14.796389,-0.0360323886639676,0.827261198739129,ns,MEi,0.990797977081089,noH,-1,0
1732,LAMPA,-70.372778,-15.355833,0.117341977694857,0.459254077986582,ns,MEi,0.990797977081089,noH,1,0
1032,CABANILLAS,-70.346389,-15.6393,-0.189670794321957,0.222365526839032,ns,MEi,0.882354900444445,noH,-1,0
1632,HUANCANE,-69.7625,-15.203333,-0.0420566427961592,0.791433396205848,ns,MEi,0.990797977081089,noH,-1,0
262,HUARAYA MOHO,-69.491389,-15.389722,-0.167871766470261,0.294118300148148,ns,MEi,0.882354900444445,noH,-1,0
1532,CAPACHICA,-69.8443,-15.6158,0.292862232564383,0.0785661231930892,ns,MEi,0.882354900444445,noH,1,0
2132,TARACO,-69.9825,-15.305,0.170021802632588,0.287888548689956,ns,MEi,0.882354900444445,noH,1,0
2332,MAZO CRUZ,-69.711667,-16.745556,-0.0146835461860019,0.929304489145471,ns,MEi,0.990797977081089,noH,-1,0
192,DESAGUADERO,-69.0404,-16.5688,0.00181220976457165,0.990797977081089,ns,MEi,0.990797977081089,noH,1,0
432,LARAQUERI,-70.067778,-16.1525,-0.0277015549720494,0.863497329837836,ns,MEi,0.990797977081089,noH,-1,0
1432,PUTINA,-69.868028,-14.914889,-0.0149825783972125,0.9260106795455,ns,MEi,0.990797977081089,noH,-1,0
1232,ICHU헤,-70.53725,-16.14075,-0.00540163799801498,0.973261559778735,ns,MEi,0.990797977081089,noH,-1,0
2232,CAPAZO,-69.745556,-17.186389,-0.0289279636982416,0.855453804640399,ns,MEi,0.990797977081089,noH,-1,0
742,PUNO,-70.018056,-15.823333,-0.116468487413931,0.468346036712628,ns,SOi,0.775206185402594,noH,-1,0
542,PAMPAHUTA,-70.6775,-15.491389,-0.0146486955969542,0.925719021606714,ns,SOi,0.925719021606714,noH,-1,0
1142,CHUQUIBAMBILLA,-70.728333,-14.796389,-0.176830811502338,0.281527917460928,ns,SOi,0.695906816808666,noH,-1,0
1742,LAMPA,-70.372778,-15.355833,-0.157374392737163,0.319569293213029,ns,SOi,0.695906816808666,noH,-1,0
1042,CABANILLAS,-70.346389,-15.6393,0.164684562355449,0.291281921032951,ns,SOi,0.695906816808666,noH,1,0
1642,HUANCANE,-69.7625,-15.203333,-0.0222042139384117,0.888996465272943,ns,SOi,0.925719021606714,noH,-1,0
272,HUARAYA MOHO,-69.491389,-15.389722,0.104190260871008,0.516804123601729,ns,SOi,0.775206185402594,noH,1,0
1542,CAPACHICA,-69.8443,-15.6158,-0.166469058510281,0.324756514510711,ns,SOi,0.695906816808666,noH,-1,0
2142,TARACO,-69.9825,-15.305,-0.209856654771512,0.187871239385398,ns,SOi,0.695906816808666,noH,-1,0
2342,MAZO CRUZ,-69.711667,-16.745556,-0.201579847758733,0.218477090675472,ns,SOi,0.695906816808666,noH,-1,0
1102,DESAGUADERO,-69.0404,-16.5688,-0.223363286264442,0.149925806539847,ns,SOi,0.695906816808666,noH,-1,0
442,LARAQUERI,-70.067778,-16.1525,-0.128277724540465,0.424123977956355,ns,SOi,0.775206185402594,noH,-1,0
1442,PUTINA,-69.868028,-14.914889,0.0791846335521791,0.622632426054499,ns,SOi,0.849044217347043,noH,1,0
1242,ICHU헤,-70.53725,-16.14075,-0.0581137012150887,0.718169040867438,ns,SOi,0.897711301084297,noH,-1,0
2242,CAPAZO,-69.745556,-17.186389,-0.0149102548641489,0.925332796964332,ns,SOi,0.925719021606714,noH,-1,0
752,PUNO,-70.018056,-15.823333,-0.300522648083624,0.0566395381915566,ns,TNAi,0.424796536436674,noH,-1,0
552,PAMPAHUTA,-70.6775,-15.491389,-0.0937783147085473,0.548517488072151,ns,TNAi,0.826637477935282,noH,-1,0
1152,CHUQUIBAMBILLA,-70.728333,-14.796389,0.0295546558704453,0.858046678176952,ns,TNAi,0.863303243276537,noH,1,0
1752,LAMPA,-70.372778,-15.355833,-0.0927876826385438,0.558918478783333,ns,TNAi,0.826637477935282,noH,-1,0
1052,CABANILLAS,-70.346389,-15.6393,0.0353367562669888,0.821619761004406,ns,TNAi,0.863303243276537,noH,1,0
1652,HUANCANE,-69.7625,-15.203333,-0.0852477615058949,0.591423268933823,ns,TNAi,0.826637477935282,noH,-1,0
282,HUARAYA MOHO,-69.491389,-15.389722,-0.0829340538036785,0.60620081715254,ns,TNAi,0.826637477935282,noH,-1,0
1552,CAPACHICA,-69.8443,-15.6158,-0.0526440612382939,0.75698291795542,ns,TNAi,0.863303243276537,noH,-1,0
2152,TARACO,-69.9825,-15.305,-0.142919403545589,0.3727048081263,ns,TNAi,0.826637477935282,noH,-1,0
2352,MAZO CRUZ,-69.711667,-16.745556,-0.258329147037868,0.112317516587964,ns,TNAi,0.561587582939821,noH,-1,0
1162,DESAGUADERO,-69.0404,-16.5688,-0.112432514143633,0.47286518809657,ns,TNAi,0.826637477935282,noH,-1,0
452,LARAQUERI,-70.067778,-16.1525,-0.170042249388178,0.287829717695531,ns,TNAi,0.826637477935282,noH,-1,0
1452,PUTINA,-69.868028,-14.914889,-0.0277003484320558,0.863303243276537,ns,TNAi,0.863303243276537,noH,-1,0
1252,ICHU헤,-70.53725,-16.14075,-0.301794742340708,0.055155682211104,ns,TNAi,0.424796536436674,noH,-1,0
2252,CAPAZO,-69.745556,-17.186389,-0.192123814925857,0.222080669312194,ns,TNAi,0.826637477935282,noH,-1,0
762,PUNO,-70.018056,-15.823333,0.165505226480836,0.299938290220132,ns,TSAi,0.897576608023094,noH,1,0
562,PAMPAHUTA,-70.6775,-15.491389,0.0234068257324071,0.88142562124349,ns,TSAi,0.944384594189453,noH,1,0
1172,CHUQUIBAMBILLA,-70.728333,-14.796389,-0.091497975708502,0.578350291956726,ns,TSAi,0.944384594189453,noH,-1,0
1762,LAMPA,-70.372778,-15.355833,-0.00980551056704262,0.9508569836226,ns,TSAi,0.9508569836226,noH,-1,0
1062,CABANILLAS,-70.346389,-15.6393,0.143008154636062,0.359030643209238,ns,TSAi,0.897576608023094,noH,1,0
1662,HUANCANE,-69.7625,-15.203333,-0.034358413382604,0.82897852357825,ns,TSAi,0.944384594189453,noH,-1,0
292,HUARAYA MOHO,-69.491389,-15.389722,0.22040247491944,0.166139027960959,ns,TSAi,0.830695139804797,noH,1,0
1562,CAPACHICA,-69.8443,-15.6158,-0.0331989575376628,0.845342960230379,ns,TSAi,0.944384594189453,noH,-1,0
2162,TARACO,-69.9825,-15.305,0.15782136574455,0.324382361441839,ns,TSAi,0.897576608023094,noH,1,0
2362,MAZO CRUZ,-69.711667,-16.745556,0.0949873539480673,0.565156693192151,ns,TSAi,0.944384594189453,noH,1,0
1182,DESAGUADERO,-69.0404,-16.5688,0.336844489989756,0.0271925509984181,s,TSAi,0.407888264976272,noH,1,11
462,LARAQUERI,-70.067778,-16.1525,0.0363256239727818,0.821606939105166,ns,TSAi,0.944384594189453,noH,1,0
1462,PUTINA,-69.868028,-14.914889,0.273344947735192,0.083950259743326,ns,TSAi,0.629626948074945,noH,1,0
1262,ICHU헤,-70.53725,-16.14075,-0.0684788301038673,0.670531714186683,ns,TSAi,0.944384594189453,noH,-1,0
2262,CAPAZO,-69.745556,-17.186389,-0.110606920022689,0.484277064769105,ns,TSAi,0.944384594189453,noH,-1,0
772,PUNO,-70.018056,-15.823333,-0.341463414634146,0.0294355090249887,s,TN_TSi,0.220766317687415,noH,-1,-11
572,PAMPAHUTA,-70.6775,-15.491389,-0.110238598610692,0.480298197691126,ns,TN_TSi,0.789522637666477,noH,-1,0
1192,CHUQUIBAMBILLA,-70.728333,-14.796389,-0.0103238866396761,0.950506922237496,ns,TN_TSi,0.950506922237496,noH,-1,0
1772,LAMPA,-70.372778,-15.355833,-0.120178282404332,0.448394888411844,ns,TN_TSi,0.789522637666477,noH,-1,0
1072,CABANILLAS,-70.346389,-15.6393,-0.0815463606161281,0.602051657340924,ns,TN_TSi,0.789522637666477,noH,-1,0
1672,HUANCANE,-69.7625,-15.203333,-0.0761719541972825,0.631618110133181,ns,TN_TSi,0.789522637666477,noH,-1,0
2102,HUARAYA MOHO,-69.491389,-15.389722,-0.212300723865089,0.182663889299603,ns,TN_TSi,0.547991667898808,noH,-1,0
1572,CAPACHICA,-69.8443,-15.6158,-0.0398387490451954,0.814903383032533,ns,TN_TSi,0.940273134268307,noH,-1,0
2172,TARACO,-69.9825,-15.305,-0.216644900740448,0.173663481927737,ns,TN_TSi,0.547991667898808,noH,-1,0
2372,MAZO CRUZ,-69.711667,-16.745556,-0.25873421038093,0.11173558340452,ns,TN_TSi,0.547991667898808,noH,-1,0
1202,DESAGUADERO,-69.0404,-16.5688,-0.380110998118905,0.0119278812126227,s,TN_TSi,0.17891821818934,noH,-1,-11
472,LARAQUERI,-70.067778,-16.1525,-0.0903349449874694,0.57432837828945,ns,TN_TSi,0.789522637666477,noH,-1,0
1472,PUTINA,-69.868028,-14.914889,-0.188850174216028,0.236125963297491,ns,TN_TSi,0.559396901750477,noH,-1,0
1272,ICHU헤,-70.53725,-16.14075,-0.179648025030756,0.261051887483556,ns,TN_TSi,0.559396901750477,noH,-1,0
2272,CAPAZO,-69.745556,-17.186389,0.0146665586257191,0.926622601570479,ns,TN_TSi,0.950506922237496,noH,1,0
782,PUNO,-70.018056,-15.823333,-0.288850174216028,0.067328389175844,ns,PDOi,0.461326033231928,noH,-1,0
582,PAMPAHUTA,-70.6775,-15.491389,0.0350347327091513,0.82312294074191,ns,PDOi,0.941530565217501,noH,1,0
11102,CHUQUIBAMBILLA,-70.728333,-14.796389,-0.0904858299595142,0.582578546612732,ns,PDOi,0.794425290835543,noH,-1,0
1782,LAMPA,-70.372778,-15.355833,0.0116693679475549,0.941530565217501,ns,PDOi,0.941530565217501,noH,1,0
1082,CABANILLAS,-70.346389,-15.6393,-0.260042283298097,0.0922652066463856,ns,PDOi,0.461326033231928,noH,-1,0
1682,HUANCANE,-69.7625,-15.203333,0.209715976024008,0.182539213006764,ns,PDOi,0.684522048775367,noH,1,0
2182,HUARAYA MOHO,-69.491389,-15.389722,-0.125446467938337,0.434506610085148,ns,PDOi,0.698154940349453,noH,-1,0
1582,CAPACHICA,-69.8443,-15.6158,0.123784684533286,0.465436626899635,ns,PDOi,0.698154940349453,noH,1,0
2192,TARACO,-69.9825,-15.305,0.152418315122704,0.341428848382646,ns,PDOi,0.698154940349453,noH,1,0
2382,MAZO CRUZ,-69.711667,-16.745556,-0.370936756409137,0.0200850705045176,s,PDOi,0.301276057567764,noH,-1,-11
1282,DESAGUADERO,-69.0404,-16.5688,0.0232566919786696,0.882318792785426,ns,PDOi,0.941530565217501,noH,1,0
482,LARAQUERI,-70.067778,-16.1525,-0.0471274881757193,0.769832791899082,ns,PDOi,0.941530565217501,noH,-1,0
1482,PUTINA,-69.868028,-14.914889,0.142334494773519,0.373377447730202,ns,PDOi,0.698154940349453,noH,1,0
1292,ICHU헤,-70.53725,-16.14075,-0.158564212199794,0.322081092024057,ns,PDOi,0.698154940349453,noH,-1,0
2282,CAPAZO,-69.745556,-17.186389,-0.170569645895795,0.279097321645904,ns,PDOi,0.698154940349453,noH,-1,0
713,PUNO,-70.018056,-15.823333,0.0322299651567944,0.841149454679667,ns,Ei,0.899741620630469,V,1,0
513,PAMPAHUTA,-70.6775,-15.491389,-0.115977046209604,0.457620471647392,ns,Ei,0.899741620630469,V,-1,0
1115,CHUQUIBAMBILLA,-70.728333,-14.796389,-0.0680161943319838,0.679817309083916,ns,Ei,0.899741620630469,V,-1,0
1713,LAMPA,-70.372778,-15.355833,0.194813614902235,0.216339094494766,ns,Ei,0.899741620630469,V,1,0
1013,CABANILLAS,-70.346389,-15.6393,-0.019782543038357,0.899741620630469,ns,Ei,0.899741620630469,V,-1,0
1613,HUANCANE,-69.7625,-15.203333,-0.185648879857419,0.239155743169083,ns,Ei,0.899741620630469,V,-1,0
240,HUARAYA MOHO,-69.491389,-15.389722,-0.198187996222026,0.214183884647924,ns,Ei,0.899741620630469,V,-1,0
1513,CAPACHICA,-69.8443,-15.6158,0.0680578629522088,0.688982980957541,ns,Ei,0.899741620630469,V,1,0
2114,TARACO,-69.9825,-15.305,0.132549032190757,0.40872746959396,ns,Ei,0.899741620630469,V,1,0
2313,MAZO CRUZ,-69.711667,-16.745556,-0.115443052772704,0.484033035002835,ns,Ei,0.899741620630469,V,-1,0
134,DESAGUADERO,-69.0404,-16.5688,0.120436440603825,0.441721596615337,ns,Ei,0.899741620630469,V,1,0
413,LARAQUERI,-70.067778,-16.1525,-0.0556644453683635,0.729589267582832,ns,Ei,0.899741620630469,V,-1,0
1413,PUTINA,-69.868028,-14.914889,0.0444250871080139,0.782154324922329,ns,Ei,0.899741620630469,V,1,0
1214,ICHU헤,-70.53725,-16.14075,-0.185920894963935,0.244488776253659,ns,Ei,0.899741620630469,V,-1,0
2213,CAPAZO,-69.745556,-17.186389,-0.0627988007454825,0.691896848297032,ns,Ei,0.899741620630469,V,-1,0
714,PUNO,-70.018056,-15.823333,-0.315505226480836,0.044971994208984,s,Ci,0.16864497828369,V,-1,-11
514,PAMPAHUTA,-70.6775,-15.491389,-0.0520990637269707,0.739336835364217,ns,Ci,0.924171044205271,V,-1,0
1116,CHUQUIBAMBILLA,-70.728333,-14.796389,0.181174089068826,0.268629528488361,ns,Ci,0.493097056290542,V,1,0
1714,LAMPA,-70.372778,-15.355833,-0.0594813616215643,0.708269258778008,ns,Ci,0.924171044205271,V,-1,0
1014,CABANILLAS,-70.346389,-15.6393,-0.186650558743582,0.229921489183821,ns,Ci,0.493097056290542,V,-1,0
1614,HUANCANE,-69.7625,-15.203333,0.0269032859505296,0.865700701155221,ns,Ci,0.976281572824222,V,1,0
243,HUARAYA MOHO,-69.491389,-15.389722,-0.0047913581504226,0.976281572824222,ns,Ci,0.976281572824222,V,-1,0
1514,CAPACHICA,-69.8443,-15.6158,0.410244261001119,0.0116729715628378,s,Ci,0.0875472867212838,V,1,11
2115,TARACO,-69.9825,-15.305,0.171503284254707,0.283646085444017,ns,Ci,0.493097056290542,V,1,0
2314,MAZO CRUZ,-69.711667,-16.745556,-0.657417805789822,5.44615787554939e-06,s,Ci,8.16923681332409e-05,V,-1,-11
135,DESAGUADERO,-69.0404,-16.5688,-0.239815758844982,0.121396438444452,ns,Ci,0.364189315333355,V,-1,0
414,LARAQUERI,-70.067778,-16.1525,-0.355851736040321,0.0224061354531567,s,Ci,0.112030677265784,V,-1,-11
1414,PUTINA,-69.868028,-14.914889,0.017595818815331,0.913076367922833,ns,Ci,0.976281572824222,V,1,0
1215,ICHU헤,-70.53725,-16.14075,-0.167276531551432,0.295858233774325,ns,Ci,0.493097056290542,V,-1,0
2214,CAPAZO,-69.745556,-17.186389,-0.077060205818005,0.626560583899705,ns,Ci,0.924171044205271,V,-1,0
723,PUNO,-70.018056,-15.823333,-0.224738675958188,0.157354118087617,ns,C_Ei,0.451625628311561,V,-1,0
523,PAMPAHUTA,-70.6775,-15.491389,0.0169133192389006,0.914279194284862,ns,C_Ei,0.968983452561271,V,1,0
1123,CHUQUIBAMBILLA,-70.728333,-14.796389,0.304655870445344,0.059733009318084,ns,C_Ei,0.271628479844814,V,1,0
1723,LAMPA,-70.372778,-15.355833,-0.201458671650148,0.200768724687794,ns,C_Ei,0.451625628311561,V,-1,0
1023,CABANILLAS,-70.346389,-15.6393,-0.178948958018725,0.249986650814234,ns,C_Ei,0.468724970276689,V,-1,0
1623,HUANCANE,-69.7625,-15.203333,0.197155706980839,0.210758626545395,ns,C_Ei,0.451625628311561,V,1,0
253,HUARAYA MOHO,-69.491389,-15.389722,0.145744403375582,0.363230082131433,ns,C_Ei,0.593768105740731,V,1,0
1523,CAPACHICA,-69.8443,-15.6158,0.298790617838966,0.0724342612919504,ns,C_Ei,0.271628479844814,V,1,0
2123,TARACO,-69.9825,-15.305,0.0767756064168682,0.633286642909378,ns,C_Ei,0.791608303636722,V,1,0
2323,MAZO CRUZ,-69.711667,-16.745556,-0.483139302437344,0.00183636090394779,s,C_Ei,0.0275454135592169,V,-1,-11
183,DESAGUADERO,-69.0404,-16.5688,-0.132819873995064,0.395845403827154,ns,C_Ei,0.593768105740731,V,-1,0
423,LARAQUERI,-70.067778,-16.1525,-0.301232632369016,0.0556329184793201,ns,C_Ei,0.271628479844814,V,-1,0
1423,PUTINA,-69.868028,-14.914889,0.00888501742160279,0.956258988317594,ns,C_Ei,0.968983452561271,V,1,0
1223,ICHU헤,-70.53725,-16.14075,-0.0811988163572574,0.613782259793419,ns,C_Ei,0.791608303636722,V,-1,0
2223,CAPAZO,-69.745556,-17.186389,0.00623936471922859,0.968983452561271,ns,C_Ei,0.968983452561271,V,1,0
733,PUNO,-70.018056,-15.823333,-0.267247386759582,0.0913083137208928,ns,MEi,0.342406176453348,V,-1,0
533,PAMPAHUTA,-70.6775,-15.491389,-0.0726366656599215,0.642427718992536,ns,MEi,0.938130268762511,V,-1,0
1133,CHUQUIBAMBILLA,-70.728333,-14.796389,0.116396761133603,0.479011339750545,ns,MEi,0.798352232917575,V,1,0
1733,LAMPA,-70.372778,-15.355833,0.00299837926430229,0.984964501300458,ns,MEi,0.984964501300458,V,1,0
1033,CABANILLAS,-70.346389,-15.6393,-0.181063122923588,0.244363901702086,ns,MEi,0.507315802241219,V,-1,0
1633,HUANCANE,-69.7625,-15.203333,0.0239860621727613,0.880150970846421,ns,MEi,0.984964501300458,V,1,0
263,HUARAYA MOHO,-69.491389,-15.389722,-0.00801463545161599,0.96033563566666,ns,MEi,0.984964501300458,V,-1,0
1533,CAPACHICA,-69.8443,-15.6158,0.411667073467019,0.0113578776231885,s,MEi,0.0851840821739135,V,1,11
2133,TARACO,-69.9825,-15.305,0.180653611920735,0.258347737202848,ns,MEi,0.507315802241219,V,1,0
2333,MAZO CRUZ,-69.711667,-16.745556,-0.610025394651554,3.74082096442845e-05,s,MEi,0.000561123144664267,V,-1,-11
193,DESAGUADERO,-69.0404,-16.5688,-0.190433042760405,0.221259106207031,ns,MEi,0.507315802241219,V,-1,0
433,LARAQUERI,-70.067778,-16.1525,-0.318393658562392,0.0424782372132522,s,MEi,0.212391186066261,V,-1,-11
1433,PUTINA,-69.868028,-14.914889,0.0644599303135889,0.687962197092508,ns,MEi,0.938130268762511,V,1,0
1233,ICHU헤,-70.53725,-16.14075,-0.176163097290101,0.270568427861983,ns,MEi,0.507315802241219,V,-1,0
2233,CAPAZO,-69.745556,-17.186389,-0.00575318045539259,0.971431066240345,ns,MEi,0.984964501300458,V,-1,0
743,PUNO,-70.018056,-15.823333,0.289547038327526,0.066648073250739,ns,SOi,0.333240366253695,V,1,0
543,PAMPAHUTA,-70.6775,-15.491389,0.10676532769556,0.494308092062493,ns,SOi,0.866893206917779,V,1,0
1143,CHUQUIBAMBILLA,-70.728333,-14.796389,-0.0398785425101215,0.809100326456594,ns,SOi,0.866893206917779,V,-1,0
1743,LAMPA,-70.372778,-15.355833,0.0653970828727553,0.680726341460059,ns,SOi,0.866893206917779,V,1,0
1043,CABANILLAS,-70.346389,-15.6393,0.16626396858955,0.285562399119735,ns,SOi,0.713905997799338,V,1,0
1643,HUANCANE,-69.7625,-15.203333,-0.0151533568456296,0.924118905783592,ns,SOi,0.924118905783592,V,-1,0
273,HUARAYA MOHO,-69.491389,-15.389722,0.0662078580785668,0.680868308978099,ns,SOi,0.866893206917779,V,1,0
1543,CAPACHICA,-69.8443,-15.6158,-0.370879782777891,0.0238327234038278,s,SOi,0.178745425528709,V,-1,-11
2143,TARACO,-69.9825,-15.305,-0.152679753056019,0.340591557924314,ns,SOi,0.729839052694959,V,-1,0
2343,MAZO CRUZ,-69.711667,-16.745556,0.651544387315421,7.04109088276876e-06,s,SOi,0.000105616363241531,V,1,11
1103,DESAGUADERO,-69.0404,-16.5688,0.241552459869363,0.118641928318542,ns,SOi,0.355925784955625,V,1,0
443,LARAQUERI,-70.067778,-16.1525,0.257589616516825,0.103962228264197,ns,SOi,0.355925784955625,V,1,0
1443,PUTINA,-69.868028,-14.914889,0.0484320557491289,0.763015841957291,ns,SOi,0.866893206917779,V,1,0
1243,ICHU헤,-70.53725,-16.14075,0.0991461942216297,0.537409423624748,ns,SOi,0.866893206917779,V,1,0
2243,CAPAZO,-69.745556,-17.186389,-0.0540474839964347,0.733162130767677,ns,SOi,0.866893206917779,V,-1,0
753,PUNO,-70.018056,-15.823333,-0.0858885017421603,0.592210051556134,ns,TNAi,0.904314168131873,V,-1,0
553,PAMPAHUTA,-70.6775,-15.491389,0.0382059800664452,0.807372045634026,ns,TNAi,0.904314168131873,V,1,0
1153,CHUQUIBAMBILLA,-70.728333,-14.796389,-0.0200404858299595,0.903632263078096,ns,TNAi,0.904314168131873,V,-1,0
1753,LAMPA,-70.372778,-15.355833,0.0191247974696038,0.904314168131873,ns,TNAi,0.904314168131873,V,1,0
1053,CABANILLAS,-70.346389,-15.6393,0.0581395348837209,0.710331267159189,ns,TNAi,0.904314168131873,V,1,0
1653,HUANCANE,-69.7625,-15.203333,-0.0696082006973039,0.661363996028875,ns,TNAi,0.904314168131873,V,-1,0
283,HUARAYA MOHO,-69.491389,-15.389722,0.188169701907506,0.238727560032302,ns,TNAi,0.895228350121133,V,1,0
1553,CAPACHICA,-69.8443,-15.6158,-0.0552525507591103,0.745331689273759,ns,TNAi,0.904314168131873,V,-1,0
2153,TARACO,-69.9825,-15.305,-0.428845356614538,0.00514805724240499,s,TNAi,0.0772208586360749,V,-1,-11
2353,MAZO CRUZ,-69.711667,-16.745556,-0.167594958191952,0.307816945916403,ns,TNAi,0.904314168131873,V,-1,0
1163,DESAGUADERO,-69.0404,-16.5688,-0.0845697890133439,0.589757539181818,ns,TNAi,0.904314168131873,V,-1,0
453,LARAQUERI,-70.067778,-16.1525,-0.276318655255789,0.080323027797922,ns,TNAi,0.602422708484415,V,-1,0
1453,PUTINA,-69.868028,-14.914889,0.047212543554007,0.768826298912126,ns,TNAi,0.904314168131873,V,1,0
1253,ICHU헤,-70.53725,-16.14075,-0.0749259464240787,0.641517032583746,ns,TNAi,0.904314168131873,V,-1,0
2253,CAPAZO,-69.745556,-17.186389,-0.233611538773195,0.136251807827458,ns,TNAi,0.681259039137292,V,-1,0
763,PUNO,-70.018056,-15.823333,0.0365853658536585,0.819962136835555,ns,TSAi,0.878530860895238,V,1,0
563,PAMPAHUTA,-70.6775,-15.491389,-0.0468136514648143,0.765017665464527,ns,TSAi,0.878530860895238,V,-1,0
1173,CHUQUIBAMBILLA,-70.728333,-14.796389,-0.108906882591093,0.507911459105244,ns,TSAi,0.844103787338675,V,-1,0
1763,LAMPA,-70.372778,-15.355833,0.21871961173924,0.164042544355291,ns,TSAi,0.69660942584386,V,1,0
1063,CABANILLAS,-70.346389,-15.6393,0.196919359710057,0.204941221966973,ns,TSAi,0.69660942584386,V,1,0
1663,HUANCANE,-69.7625,-15.203333,-0.0766581581602439,0.629436636736093,ns,TSAi,0.844103787338675,V,-1,0
293,HUARAYA MOHO,-69.491389,-15.389722,0.0841536722419678,0.600896392370643,ns,TSAi,0.844103787338675,V,1,0
1563,CAPACHICA,-69.8443,-15.6158,-0.179037235292396,0.289026867989028,ns,TSAi,0.72256716997257,V,-1,0
2163,TARACO,-69.9825,-15.305,0.209760368496483,0.188078520295036,ns,TSAi,0.69660942584386,V,1,0
2363,MAZO CRUZ,-69.711667,-16.745556,-0.132658244852845,0.42078285810607,ns,TSAi,0.788967858948881,V,-1,0
1183,DESAGUADERO,-69.0404,-16.5688,-0.0151017480380971,0.923428373688943,ns,TSAi,0.923428373688943,V,-1,0
463,LARAQUERI,-70.067778,-16.1525,0.153142558619066,0.339112462653619,ns,TSAi,0.726669562829183,V,1,0
1463,PUTINA,-69.868028,-14.914889,0.190418118466899,0.232203141947953,ns,TSAi,0.69660942584386,V,1,0
1263,ICHU헤,-70.53725,-16.14075,-0.0674333517816708,0.67528302987094,ns,TSAi,0.844103787338675,V,-1,0
2263,CAPAZO,-69.745556,-17.186389,-0.232639170245523,0.137925742271337,ns,TSAi,0.69660942584386,V,-1,0
773,PUNO,-70.018056,-15.823333,-0.0825783972125436,0.606610005437308,ns,TN_TSi,0.982933648973856,V,-1,0
573,PAMPAHUTA,-70.6775,-15.491389,0.0588945937783147,0.706733127261248,ns,TN_TSi,0.982933648973856,V,1,0
1193,CHUQUIBAMBILLA,-70.728333,-14.796389,0.0299595141700405,0.856115942104428,ns,TN_TSi,0.982933648973856,V,1,0
1773,LAMPA,-70.372778,-15.355833,-0.138330632544973,0.382313713681217,ns,TN_TSi,0.982933648973856,V,-1,0
1073,CABANILLAS,-70.346389,-15.6393,-0.0823014195107218,0.598681666275791,ns,TN_TSi,0.982933648973856,V,-1,0
1673,HUANCANE,-69.7625,-15.203333,-0.00340342774072964,0.982933648973856,ns,TN_TSi,0.982933648973856,V,-1,0
2103,HUARAYA MOHO,-69.491389,-15.389722,0.125707814746542,0.433542345763665,ns,TN_TSi,0.982933648973856,V,1,0
1573,CAPACHICA,-69.8443,-15.6158,0.0196822391116144,0.907950325358439,ns,TN_TSi,0.982933648973856,V,1,0
2173,TARACO,-69.9825,-15.305,-0.446535990102194,0.00342748517331502,s,TN_TSi,0.0514122775997253,V,-1,-11
2373,MAZO CRUZ,-69.711667,-16.745556,0.0440506385580056,0.79002745078759,ns,TN_TSi,0.982933648973856,V,1,0
1203,DESAGUADERO,-69.0404,-16.5688,-0.0711292332594374,0.650364241526043,ns,TN_TSi,0.982933648973856,V,-1,0
473,LARAQUERI,-70.067778,-16.1525,-0.243303279990359,0.125310307527902,ns,TN_TSi,0.939827306459268,V,-1,0
1473,PUTINA,-69.868028,-14.914889,-0.178222996515679,0.263912596798804,ns,TN_TSi,0.982933648973856,V,-1,0
1273,ICHU헤,-70.53725,-16.14075,0.0575013077208046,0.721018912778108,ns,TN_TSi,0.982933648973856,V,1,0
2273,CAPAZO,-69.745556,-17.186389,0.00704967182562191,0.964904738555544,ns,TN_TSi,0.982933648973856,V,1,0
783,PUNO,-70.018056,-15.823333,0.0682926829268293,0.670417667391715,ns,PDOi,0.833915807303133,V,1,0
583,PAMPAHUTA,-70.6775,-15.491389,0.00211416490486258,0.989602034383332,ns,PDOi,0.989602034383332,V,1,0
11103,CHUQUIBAMBILLA,-70.728333,-14.796389,-0.058502024291498,0.722727032996049,ns,PDOi,0.833915807303133,V,-1,0
1783,LAMPA,-70.372778,-15.355833,0.202593193533938,0.198191103726579,ns,PDOi,0.673528583682734,V,1,0
1083,CABANILLAS,-70.346389,-15.6393,0.130172153427967,0.404117150209641,ns,PDOi,0.673528583682734,V,1,0
1683,HUANCANE,-69.7625,-15.203333,0.249908836962148,0.110452938449299,ns,PDOi,0.673528583682734,V,1,0
2183,HUARAYA MOHO,-69.491389,-15.389722,0.20054011749587,0.208684763907325,ns,PDOi,0.673528583682734,V,1,0
1583,CAPACHICA,-69.8443,-15.6158,0.0936684873384059,0.581344274380321,ns,PDOi,0.792742192336802,V,1,0
2193,TARACO,-69.9825,-15.305,0.141786505834557,0.376545362624448,ns,PDOi,0.673528583682734,V,1,0
2383,MAZO CRUZ,-69.711667,-16.745556,-0.189569644553072,0.247737431750109,ns,PDOi,0.673528583682734,V,-1,0
1283,DESAGUADERO,-69.0404,-16.5688,0.157284705816782,0.313800258875463,ns,PDOi,0.673528583682734,V,1,0
483,LARAQUERI,-70.067778,-16.1525,0.0987847903720254,0.538900853434953,ns,PDOi,0.792742192336802,V,1,0
1483,PUTINA,-69.868028,-14.914889,0.190766550522648,0.231337537913662,ns,PDOi,0.673528583682734,V,1,0
1293,ICHU헤,-70.53725,-16.14075,0.134692457176309,0.401123353677123,ns,PDOi,0.673528583682734,V,1,0
2283,CAPAZO,-69.745556,-17.186389,-0.0235799367960457,0.882039299769455,ns,PDOi,0.945042106895844,V,-1,0
715,PUNO,-70.018056,-15.823333,-0.264982578397213,0.0941659457854889,ns,Ei,0.470829728927445,I,-1,0
515,PAMPAHUTA,-70.6775,-15.491389,-0.152521896707943,0.327685724138313,ns,Ei,0.618776357936998,I,-1,0
1117,CHUQUIBAMBILLA,-70.728333,-14.796389,-0.191497975708502,0.241937501537728,ns,Ei,0.60484375384432,I,-1,0
1715,LAMPA,-70.372778,-15.355833,0.0410858996486827,0.796144115476149,ns,Ei,0.796144115476149,I,1,0
1015,CABANILLAS,-70.346389,-15.6393,-0.0622168529145273,0.690977847247941,ns,Ei,0.796144115476149,I,-1,0
1615,HUANCANE,-69.7625,-15.203333,-0.311656740258243,0.0445198929980642,s,Ei,0.470829728927445,I,-1,-11
244,HUARAYA MOHO,-69.491389,-15.389722,-0.290966113134754,0.0649453542069408,ns,Ei,0.470829728927445,I,-1,0
1515,CAPACHICA,-69.8443,-15.6158,-0.0531183320602605,0.754860495378052,ns,Ei,0.796144115476149,I,-1,0
2116,TARACO,-69.9825,-15.305,-0.105446633103758,0.511733700886926,ns,Ei,0.696067232084914,I,-1,0
2315,MAZO CRUZ,-69.711667,-16.745556,0.0970126706633779,0.556853785667931,ns,Ei,0.696067232084914,I,1,0
136,DESAGUADERO,-69.0404,-16.5688,-0.132970891475445,0.395303644011392,ns,Ei,0.658839406685654,I,-1,0
415,LARAQUERI,-70.067778,-16.1525,-0.156017248285977,0.330014057566399,ns,Ei,0.618776357936998,I,-1,0
1415,PUTINA,-69.868028,-14.914889,-0.0945993031358885,0.555064196991605,ns,Ei,0.696067232084914,I,-1,0
1216,ICHU헤,-70.53725,-16.14075,-0.199163620378423,0.21189087191207,ns,Ei,0.60484375384432,I,-1,0
2215,CAPAZO,-69.745556,-17.186389,-0.222429300704967,0.156441737867385,ns,Ei,0.586656517002693,I,-1,0
716,PUNO,-70.018056,-15.823333,-0.10801393728223,0.500120510962481,ns,Ci,0.969816873495254,I,-1,0
516,PAMPAHUTA,-70.6775,-15.491389,-0.0765629719118091,0.624498813635626,ns,Ci,0.969816873495254,I,-1,0
1118,CHUQUIBAMBILLA,-70.728333,-14.796389,0.125708502024291,0.444332340246888,ns,Ci,0.969816873495254,I,1,0
1716,LAMPA,-70.372778,-15.355833,0.0233387358951097,0.883362837574264,ns,Ci,0.969816873495254,I,1,0
1016,CABANILLAS,-70.346389,-15.6393,-0.206131078224101,0.184220629696103,ns,Ci,0.969816873495254,I,-1,0
1616,HUANCANE,-69.7625,-15.203333,0.0629634132034984,0.692010125672121,ns,Ci,0.969816873495254,I,1,0
245,HUARAYA MOHO,-69.491389,-15.389722,-0.00627232339691686,0.968953559285707,ns,Ci,0.969816873495254,I,-1,0
1516,CAPACHICA,-69.8443,-15.6158,0.237372546394289,0.157175568879649,ns,Ci,0.969816873495254,I,1,0
2117,TARACO,-69.9825,-15.305,0.15372550478928,0.337255051125466,ns,Ci,0.969816873495254,I,1,0
2316,MAZO CRUZ,-69.711667,-16.745556,-0.0392911442770257,0.812283355967425,ns,Ci,0.969816873495254,I,-1,0
137,DESAGUADERO,-69.0404,-16.5688,0.120965001785158,0.439705582947915,ns,Ci,0.969816873495254,I,1,0
416,LARAQUERI,-70.067778,-16.1525,-0.00609782656617441,0.969816873495254,ns,Ci,0.969816873495254,I,-1,0
1416,PUTINA,-69.868028,-14.914889,-0.0423344947735192,0.792191507558777,ns,Ci,0.969816873495254,I,-1,0
1217,ICHU헤,-70.53725,-16.14075,0.0597665107522302,0.710496306243301,ns,Ci,0.969816873495254,I,1,0
2216,CAPAZO,-69.745556,-17.186389,-0.0153148043108338,0.923370941422126,ns,Ci,0.969816873495254,I,-1,0
724,PUNO,-70.018056,-15.823333,0.0257839721254355,0.872708552077338,ns,C_Ei,0.93504487722572,I,1,0
524,PAMPAHUTA,-70.6775,-15.491389,-0.00105708245243129,0.99499346621451,ns,C_Ei,0.99499346621451,I,-1,0
1124,CHUQUIBAMBILLA,-70.728333,-14.796389,0.198582995951417,0.224702360028157,ns,C_Ei,0.682083820717459,I,1,0
1724,LAMPA,-70.372778,-15.355833,-0.0669367911436133,0.673622590248119,ns,C_Ei,0.825458494057888,I,-1,0
1024,CABANILLAS,-70.346389,-15.6393,-0.181516158260344,0.24317034808719,ns,C_Ei,0.682083820717459,I,-1,0
1624,HUANCANE,-69.7625,-15.203333,0.181435112178421,0.250175265227449,ns,C_Ei,0.682083820717459,I,1,0
254,HUARAYA MOHO,-69.491389,-15.389722,0.205505706851762,0.197400238041596,ns,C_Ei,0.682083820717459,I,1,0
1524,CAPACHICA,-69.8443,-15.6158,0.239981035915106,0.152530823519656,ns,C_Ei,0.682083820717459,I,1,0
2124,TARACO,-69.9825,-15.305,0.107799574503594,0.502305367603959,ns,C_Ei,0.753458051405939,I,1,0
2324,MAZO CRUZ,-69.711667,-16.745556,-0.164050653940159,0.318305783001481,ns,C_Ei,0.682083820717459,I,-1,0
184,DESAGUADERO,-69.0404,-16.5688,0.114093706427824,0.466307381736226,ns,C_Ei,0.753458051405939,I,1,0
424,LARAQUERI,-70.067778,-16.1525,0.0613267128940969,0.703279240912803,ns,C_Ei,0.825458494057888,I,1,0
1424,PUTINA,-69.868028,-14.914889,-0.0585365853658537,0.715397361516836,ns,C_Ei,0.825458494057888,I,-1,0
1224,ICHU헤,-70.53725,-16.14075,0.143753269302011,0.369892937986787,ns,C_Ei,0.693549258725225,I,1,0
2224,CAPAZO,-69.745556,-17.186389,0.162142451989304,0.303808948511987,ns,C_Ei,0.682083820717459,I,1,0
734,PUNO,-70.018056,-15.823333,-0.220905923344948,0.164699125242363,ns,MEi,0.784893039264354,I,-1,0
534,PAMPAHUTA,-70.6775,-15.491389,-0.0530051344004832,0.734961785627365,ns,MEi,0.961650053443545,I,-1,0
1134,CHUQUIBAMBILLA,-70.728333,-14.796389,-0.0483805668016194,0.769320042754836,ns,MEi,0.961650053443545,I,-1,0
1734,LAMPA,-70.372778,-15.355833,0.126742301874832,0.423809919987855,ns,MEi,0.961650053443545,I,1,0
1034,CABANILLAS,-70.346389,-15.6393,-0.179250981576563,0.2491780672442,ns,MEi,0.784893039264354,I,-1,0
1634,HUANCANE,-69.7625,-15.203333,-0.0896235971725473,0.57245701269894,ns,MEi,0.961650053443545,I,-1,0
264,HUARAYA MOHO,-69.491389,-15.389722,-0.179719488442215,0.260859094899115,ns,MEi,0.784893039264354,I,-1,0
1534,CAPACHICA,-69.8443,-15.6158,0.243300931668872,0.146764844705212,ns,MEi,0.784893039264354,I,1,0
2134,TARACO,-69.9825,-15.305,0.179433568231931,0.261631013088118,ns,MEi,0.784893039264354,I,1,0
2334,MAZO CRUZ,-69.711667,-16.745556,-0.0225822813757132,0.891461431668771,ns,MEi,0.990414576865858,I,-1,0
194,DESAGUADERO,-69.0404,-16.5688,0.00188771850476214,0.990414576865858,ns,MEi,0.990414576865858,I,1,0
434,LARAQUERI,-70.067778,-16.1525,-0.066901868611742,0.677703215968938,ns,MEi,0.961650053443545,I,-1,0
1434,PUTINA,-69.868028,-14.914889,-0.0672473867595819,0.675185735121824,ns,MEi,0.961650053443545,I,-1,0
1234,ICHU헤,-70.53725,-16.14075,-0.0151594356718485,0.92505259328234,ns,MEi,0.990414576865858,I,-1,0
2234,CAPAZO,-69.745556,-17.186389,-0.0631229235880399,0.69038458714472,ns,MEi,0.961650053443545,I,-1,0
744,PUNO,-70.018056,-15.823333,-0.139640228365394,0.38388531984536,ns,SOi,0.800733404189868,I,-1,0
544,PAMPAHUTA,-70.6775,-15.491389,0.0133660563440058,0.932207243631672,ns,SOi,0.932207243631672,I,1,0
1144,CHUQUIBAMBILLA,-70.728333,-14.796389,-0.109828930616328,0.505677062061237,ns,SOi,0.800733404189868,I,-1,0
1744,LAMPA,-70.372778,-15.355833,-0.145439072940262,0.358091668275415,ns,SOi,0.800733404189868,I,-1,0
1044,CABANILLAS,-70.346389,-15.6393,0.122861998145183,0.432512176173296,ns,SOi,0.800733404189868,I,1,0
1644,HUANCANE,-69.7625,-15.203333,0.0476537808518537,0.764419753686911,ns,SOi,0.932207243631672,I,1,0
274,HUARAYA MOHO,-69.491389,-15.389722,0.157612720689744,0.325030570296757,ns,SOi,0.800733404189868,I,1,0
1544,CAPACHICA,-69.8443,-15.6158,-0.0916637027670843,0.589493931912209,ns,SOi,0.803855361698467,I,-1,0
2144,TARACO,-69.9825,-15.305,-0.13212481193317,0.410242166098292,ns,SOi,0.800733404189868,I,-1,0
2344,MAZO CRUZ,-69.711667,-16.745556,-0.219628311768457,0.179134818826121,ns,SOi,0.800733404189868,I,-1,0
1104,DESAGUADERO,-69.0404,-16.5688,-0.153677692629713,0.325165772683804,ns,SOi,0.800733404189868,I,-1,0
444,LARAQUERI,-70.067778,-16.1525,-0.100017425018027,0.533822269459912,ns,SOi,0.800733404189868,I,-1,0
1444,PUTINA,-69.868028,-14.914889,0.145750752649295,0.363208951943311,ns,SOi,0.800733404189868,I,1,0
1244,ICHU헤,-70.53725,-16.14075,-0.0305829050564047,0.849454551194636,ns,SOi,0.932207243631672,I,-1,0
2244,CAPAZO,-69.745556,-17.186389,0.0207463837182593,0.89624341238429,ns,SOi,0.932207243631672,I,1,0
754,PUNO,-70.018056,-15.823333,-0.363240418118467,0.0201233984202098,s,TNAi,0.15145664594472,I,-1,-11
554,PAMPAHUTA,-70.6775,-15.491389,-0.163696768347931,0.29314797925828,ns,TNAi,0.7328699481457,I,-1,0
1154,CHUQUIBAMBILLA,-70.728333,-14.796389,-0.0253036437246964,0.878367041152646,ns,TNAi,0.94110754409212,I,-1,0
1754,LAMPA,-70.372778,-15.355833,-0.063938411879311,0.687481448773784,ns,TNAi,0.85935181096723,I,-1,0
1054,CABANILLAS,-70.346389,-15.6393,0.000755058894593778,0.99653392662771,ns,TNAi,0.99653392662771,I,1,0
1654,HUANCANE,-69.7625,-15.203333,-0.0717961185306301,0.651388538552804,ns,TNAi,0.85935181096723,I,-1,0
284,HUARAYA MOHO,-69.491389,-15.389722,-0.136248802677472,0.395653523653811,ns,TNAi,0.759968501332565,I,-1,0
1554,CAPACHICA,-69.8443,-15.6158,-0.102442497544788,0.546284763464951,ns,TNAi,0.819427145197426,I,-1,0
2154,TARACO,-69.9825,-15.305,-0.133507637946245,0.405316534044034,ns,TNAi,0.759968501332565,I,-1,0
2354,MAZO CRUZ,-69.711667,-16.745556,-0.298025354657955,0.0653672502324996,ns,TNAi,0.326836251162498,I,-1,0
1164,DESAGUADERO,-69.0404,-16.5688,-0.110620304379061,0.480074525532662,ns,TNAi,0.800124209221104,I,-1,0
454,LARAQUERI,-70.067778,-16.1525,-0.197830916168315,0.215027413599242,ns,TNAi,0.645082240797727,I,-1,0
1454,PUTINA,-69.868028,-14.914889,-0.0428571428571429,0.78967900434117,ns,TNAi,0.91116808193212,I,-1,0
1254,ICHU헤,-70.53725,-16.14075,-0.361561253092938,0.020194219459296,s,TNAi,0.15145664594472,I,-1,-11
2254,CAPAZO,-69.745556,-17.186389,-0.261810226075683,0.0940500769885865,ns,TNAi,0.352687788707199,I,-1,0
764,PUNO,-70.018056,-15.823333,0.163066202090592,0.307194641944651,ns,TSAi,0.787374431549933,I,1,0
564,PAMPAHUTA,-70.6775,-15.491389,-0.0152521896707943,0.922708761982995,ns,TSAi,0.952885365717895,I,-1,0
1174,CHUQUIBAMBILLA,-70.728333,-14.796389,-0.130566801619433,0.426806074949343,ns,TSAi,0.787374431549933,I,-1,0
1764,LAMPA,-70.372778,-15.355833,0.00940032417997474,0.952885365717895,ns,TSAi,0.952885365717895,I,1,0
1064,CABANILLAS,-70.346389,-15.6393,0.147538508003624,0.343882667169502,ns,TSAi,0.787374431549933,I,1,0
1664,HUANCANE,-69.7625,-15.203333,-0.0770633281293784,0.627621113995922,ns,TSAi,0.787374431549933,I,-1,0
294,HUARAYA MOHO,-69.491389,-15.389722,0.250196011054795,0.114634097417826,ns,TSAi,0.787374431549933,I,1,0
1564,CAPACHICA,-69.8443,-15.6158,-0.0400758844561787,0.81382090592706,ns,TSAi,0.939024122223531,I,-1,0
2164,TARACO,-69.9825,-15.305,0.17681918889878,0.268759561112086,ns,TSAi,0.787374431549933,I,1,0
2364,MAZO CRUZ,-69.711667,-16.745556,0.102886089137779,0.533103070584348,ns,TSAi,0.787374431549933,I,1,0
1184,DESAGUADERO,-69.0404,-16.5688,0.319024427304802,0.037053800853735,s,TSAi,0.555807012806025,I,1,11
464,LARAQUERI,-70.067778,-16.1525,0.0854566837345299,0.595251648472941,ns,TSAi,0.787374431549933,I,1,0
1464,PUTINA,-69.868028,-14.914889,0.213588850174216,0.179411483406834,ns,TSAi,0.787374431549933,I,1,0
1264,ICHU헤,-70.53725,-16.14075,-0.0775396422295698,0.629899545239946,ns,TSAi,0.787374431549933,I,-1,0
2264,CAPAZO,-69.745556,-17.186389,-0.0768981443967263,0.627288445895091,ns,TSAi,0.787374431549933,I,-1,0
774,PUNO,-70.018056,-15.823333,-0.39006968641115,0.0121884891398979,s,TN_TSi,0.182827337098469,I,-1,-11
574,PAMPAHUTA,-70.6775,-15.491389,-0.118846270009061,0.446504761947993,ns,TN_TSi,0.744174603246655,I,-1,0
1194,CHUQUIBAMBILLA,-70.728333,-14.796389,-0.00182186234817814,0.991664440745211,ns,TN_TSi,0.991664440745211,I,-1,0
1774,LAMPA,-70.372778,-15.355833,-0.0862236631680442,0.587169408136113,ns,TN_TSi,0.800685556549245,I,-1,0
1074,CABANILLAS,-70.346389,-15.6393,-0.160827544548475,0.301780165036471,ns,TN_TSi,0.64667178222101,I,-1,0
1674,HUANCANE,-69.7625,-15.203333,-0.0417325068208516,0.793005523147193,ns,TN_TSi,0.849648774800564,I,-1,0
2104,HUARAYA MOHO,-69.491389,-15.389722,-0.264221623095123,0.0950505654373934,ns,TN_TSi,0.356439620390225,I,-1,0
1574,CAPACHICA,-69.8443,-15.6158,-0.0524069258273106,0.758044788012906,ns,TN_TSi,0.849648774800564,I,-1,0
2174,TARACO,-69.9825,-15.305,-0.231285425006093,0.145679885703829,ns,TN_TSi,0.437039657111487,I,-1,0
2374,MAZO CRUZ,-69.711667,-16.745556,-0.287291176066809,0.0761696488714047,ns,TN_TSi,0.356439620390225,I,-1,0
1204,DESAGUADERO,-69.0404,-16.5688,-0.295692226585942,0.0542117066018667,ns,TN_TSi,0.356439620390225,I,-1,0
474,LARAQUERI,-70.067778,-16.1525,-0.102182150887465,0.524959986575934,ns,TN_TSi,0.787439979863901,I,-1,0
1474,PUTINA,-69.868028,-14.914889,-0.125261324041812,0.433833527252864,ns,TN_TSi,0.744174603246655,I,-1,0
1274,ICHU헤,-70.53725,-16.14075,-0.198118142056227,0.214348720203153,ns,TN_TSi,0.535871800507883,I,-1,0
2274,CAPAZO,-69.745556,-17.186389,-0.0559922210517786,0.723922200581483,ns,TN_TSi,0.849648774800564,I,-1,0
784,PUNO,-70.018056,-15.823333,-0.267595818815331,0.0908747455391247,ns,PDOi,0.620129504541248,I,-1,0
584,PAMPAHUTA,-70.6775,-15.491389,0.0188764723648445,0.904329128303714,ns,PDOi,0.968924066039694,I,1,0
11104,CHUQUIBAMBILLA,-70.728333,-14.796389,-0.0200404858299595,0.903632263078096,ns,PDOi,0.968924066039694,I,-1,0
1784,LAMPA,-70.372778,-15.355833,0.0587520261248421,0.711691376795832,ns,PDOi,0.968924066039694,I,1,0
1084,CABANILLAS,-70.346389,-15.6393,-0.196164300815464,0.206709834847083,ns,PDOi,0.620129504541248,I,-1,0
1684,HUANCANE,-69.7625,-15.203333,0.231757222344923,0.13972315336721,ns,PDOi,0.620129504541248,I,1,0
2184,HUARAYA MOHO,-69.491389,-15.389722,-0.219095740878415,0.168728524613421,ns,PDOi,0.620129504541248,I,-1,0
1584,CAPACHICA,-69.8443,-15.6158,0.0991226017910219,0.55943203540425,ns,PDOi,0.932386725673749,I,1,0
2194,TARACO,-69.9825,-15.305,0.143878009301078,0.369473395544401,ns,PDOi,0.791728704738002,I,1,0
2384,MAZO CRUZ,-69.711667,-16.745556,-0.391797518576836,0.0136372927027813,s,PDOi,0.20455939054172,I,-1,-11
1284,DESAGUADERO,-69.0404,-16.5688,-0.000604069921523885,0.996932600824709,ns,PDOi,0.996932600824709,I,-1,0
484,LARAQUERI,-70.067778,-16.1525,-0.0344962760029295,0.830456096270867,ns,PDOi,0.968924066039694,I,-1,0
1484,PUTINA,-69.868028,-14.914889,0.0506968641114983,0.752259550778514,ns,PDOi,0.968924066039694,I,1,0
1294,ICHU헤,-70.53725,-16.14075,-0.113260151571282,0.480769833131018,ns,PDOi,0.901443437120659,I,-1,0
2284,CAPAZO,-69.745556,-17.186389,-0.146260432703995,0.354100961910639,ns,PDOi,0.791728704738002,I,-1,0
